Date,Apple,AAG,Amazon,Facebook,Google,Intel,Microsoft,NDM
2019-01-24,152.6999969482422,65.77999877929689,1654.9300537109375,145.8300018310547,1084.0,49.7599983215332,106.1999969482422,0.7099999785423279
2019-01-25,157.75999450683594,63.47999954223633,1670.5699462890625,149.00999450683594,1101.510009765625,47.040000915527344,107.16999816894531,0.7099999785423279
2019-01-28,156.3000030517578,64.52999877929689,1637.8900146484375,147.47000122070312,1079.8599853515623,46.709999084472656,105.08000183105469,0.75
2019-01-29,154.67999267578125,64.55999755859375,1593.8800048828125,144.19000244140625,1070.06005859375,46.540000915527344,102.94000244140624,0.75
2019-01-30,165.25,64.66000366210939,1670.4300537109375,150.4199981689453,1097.989990234375,47.540000915527344,106.37999725341795,0.7699999809265137
2019-01-31,166.44000244140625,63.95000076293945,1718.72998046875,166.69000244140625,1125.8900146484377,47.11999893188477,104.43000030517578,0.7799999713897705
2019-02-01,166.52000427246094,64.36000061035156,1626.22998046875,165.7100067138672,1118.6199951171877,48.72999954223633,102.77999877929688,0.7900000214576721
2019-02-04,171.25,64.48000335693361,1633.31005859375,169.25,1141.4200439453125,49.22000122070313,105.73999786376952,0.8399999737739563
2019-02-05,174.17999267578125,64.73999786376953,1658.81005859375,171.16000366210938,1151.8699951171875,50.0099983215332,107.22000122070312,0.8899999856948853
2019-02-06,174.24000549316406,64.81999969482422,1640.260009765625,170.49000549316406,1122.8900146484377,49.9000015258789,106.02999877929688,1.0499999523162842
2019-02-07,170.94000244140625,65.23000335693361,1614.3699951171875,166.3800048828125,1105.9100341796877,49.22999954223633,105.2699966430664,1.0199999809265137
2019-02-08,170.41000366210938,65.26999664306639,1588.219970703125,167.3300018310547,1102.3800048828123,48.84000015258789,105.66999816894531,0.959999978542328
2019-02-11,169.42999267578125,66.30000305175781,1591.0,165.7899932861328,1102.1199951171877,48.77000045776367,105.25,1.0199999809265137
2019-02-12,170.88999938964844,66.69000244140625,1638.010009765625,165.0399932861328,1127.5799560546875,50.0099983215332,106.88999938964844,0.959999978542328
2019-02-13,170.17999267578125,66.69999694824219,1640.0,164.07000732421875,1128.6300048828125,50.47000122070313,106.80999755859376,0.959999978542328
2019-02-14,170.8000030517578,66.56999969482422,1622.6500244140625,163.9499969482422,1129.199951171875,50.81000137329102,106.9000015258789,0.9700000286102296
2019-02-15,170.4199981689453,66.31999969482422,1607.949951171875,162.5,1119.6300048828123,51.65999984741211,108.22000122070312,0.9499999880790709
2019-02-19,170.92999267578125,64.55999755859375,1627.5799560546875,162.2899932861328,1126.510009765625,51.4000015258789,108.16999816894531,0.8799999952316284
2019-02-20,172.02999877929688,63.34000015258789,1622.0999755859375,162.55999755859375,1120.5899658203123,51.38999938964844,107.1500015258789,1.0
2019-02-21,171.05999755859375,62.86000061035156,1619.43994140625,160.0399932861328,1104.2099609375,51.40999984741211,109.41000366210938,0.9300000071525574
2019-02-22,172.97000122070312,62.4000015258789,1631.56005859375,161.88999938964844,1116.56005859375,52.4900016784668,110.97000122070312,0.959999978542328
2019-02-25,174.22999572753906,62.75,1633.0,164.6199951171875,1117.3299560546877,53.099998474121094,111.58999633789062,0.9700000286102296
2019-02-26,174.3300018310547,62.93999862670898,1636.4000244140625,164.1300048828125,1122.010009765625,53.22999954223633,112.36000061035156,1.0
2019-02-27,174.8699951171875,61.97999954223633,1641.0899658203125,162.80999755859375,1122.8900146484377,53.2400016784668,112.16999816894531,0.9800000190734864
2019-02-28,173.14999389648438,61.70000076293945,1639.8299560546875,161.4499969482422,1126.550048828125,52.959999084472656,112.02999877929688,0.9200000166893004
2019-03-01,174.97000122070312,61.31000137329102,1671.72998046875,162.27999877929688,1148.52001953125,53.29999923706055,112.52999877929688,0.8999999761581421
2019-03-04,175.85000610351562,59.5,1696.1700439453125,167.3699951171875,1153.4200439453125,53.93999862670898,112.26000213623048,0.8899999856948853
2019-03-05,175.52999877929688,57.77999877929688,1692.4300537109375,171.25999450683594,1169.18994140625,53.68000030517578,111.6999969482422,0.8500000238418579
2019-03-06,174.52000427246094,55.83000183105469,1668.949951171875,172.50999450683594,1164.93994140625,52.95000076293945,111.75,0.8199999928474426
2019-03-07,172.5,55.95000076293945,1625.949951171875,169.1300048828125,1150.8499755859375,52.599998474121094,110.38999938964844,0.7599999904632568
2019-03-08,172.91000366210938,55.61999893188477,1620.800048828125,169.60000610351562,1149.969970703125,52.47999954223633,110.51000213623048,0.7599999904632568
2019-03-11,178.89999389648438,55.41999816894531,1670.6199951171875,172.07000732421875,1179.260009765625,53.349998474121094,112.83000183105469,0.75
2019-03-12,180.91000366210938,54.09000015258789,1673.0999755859375,171.9199981689453,1197.25,53.56999969482422,113.62000274658205,0.7400000095367432
2019-03-13,181.7100067138672,56.02999877929688,1690.81005859375,173.3699951171875,1199.06005859375,54.36999893188477,114.5,0.7099999785423279
2019-03-14,183.72999572753903,55.4900016784668,1686.219970703125,170.1699981689453,1192.530029296875,53.43999862670898,114.58999633789062,0.6600000262260437
2019-03-15,186.1199951171875,55.7599983215332,1712.3599853515625,165.97999572753906,1190.300048828125,54.33000183105469,115.91000366210938,0.6600000262260437
2019-03-18,188.0200042724609,55.81000137329102,1742.1500244140625,160.47000122070312,1188.550048828125,54.099998474121094,117.56999969482422,0.6800000071525574
2019-03-19,186.52999877929688,56.11000061035156,1761.8499755859375,161.57000732421875,1202.4599609375,54.16999816894531,117.6500015258789,0.6800000071525574
2019-03-20,188.16000366210938,55.18999862670898,1797.27001953125,165.44000244140625,1226.4300537109375,53.81999969482422,117.5199966430664,0.6800000071525574
2019-03-21,195.08999633789062,55.22000122070313,1819.260009765625,166.0800018310547,1236.1300048828125,54.63999938964844,120.22000122070312,0.6700000166893005
2019-03-22,191.0500030517578,54.25,1764.77001953125,164.33999633789062,1207.6500244140625,53.2599983215332,117.0500030517578,0.6499999761581421
2019-03-25,188.7400054931641,53.599998474121094,1774.260009765625,166.2899932861328,1197.3800048828125,52.77999877929688,117.66000366210938,0.6600000262260437
2019-03-26,186.7899932861328,53.90999984741211,1783.760009765625,167.67999267578125,1189.8399658203125,53.43999862670898,117.91000366210938,0.6600000262260437
2019-03-27,188.47000122070312,54.9900016784668,1765.699951171875,165.8699951171875,1178.010009765625,53.15999984741211,116.7699966430664,0.6299999952316284
2019-03-28,188.72000122070312,55.16999816894531,1773.4200439453125,165.5500030517578,1172.27001953125,53.11000061035156,116.93000030517578,0.6100000143051147
2019-03-29,189.9499969482422,56.11999893188477,1780.75,166.69000244140625,1176.8900146484375,53.70000076293945,117.94000244140624,0.6000000238418579
2019-04-01,191.2400054931641,57.31999969482422,1814.18994140625,168.6999969482422,1198.97998046875,54.5099983215332,119.0199966430664,0.5899999737739563
2019-04-02,194.0200042724609,58.13999938964844,1813.97998046875,174.1999969482422,1205.5400390625,54.36000061035156,119.19000244140624,0.5899999737739563
2019-04-03,195.3500061035156,57.790000915527344,1820.699951171875,173.5399932861328,1210.81005859375,55.47999954223633,119.97000122070312,0.6499999761581421
2019-04-04,195.69000244140625,57.81999969482422,1818.8599853515625,176.02000427246094,1219.449951171875,55.91999816894531,119.36000061035156,0.6299999952316284
2019-04-05,197.0,58.540000915527344,1837.280029296875,175.72000122070312,1211.449951171875,55.599998474121094,119.88999938964844,0.6299999952316284
2019-04-08,200.1000061035156,58.33000183105469,1849.8599853515625,174.92999267578125,1208.280029296875,55.68000030517578,119.93000030517578,0.6100000143051147
2019-04-09,199.5,57.84000015258789,1835.8399658203125,177.5800018310547,1202.68994140625,55.31999969482422,119.27999877929688,0.6000000238418579
2019-04-10,200.6199951171875,58.77999877929688,1847.3299560546875,177.82000732421875,1206.449951171875,55.75,120.19000244140624,0.6000000238418579
2019-04-11,198.9499969482422,59.709999084472656,1844.0699462890625,177.50999450683594,1209.5899658203125,55.79999923706055,120.33000183105469,0.6000000238418579
2019-04-12,198.8699951171875,60.63000106811523,1843.06005859375,179.10000610351562,1222.72998046875,56.41999816894531,120.9499969482422,0.5899999737739563
2019-04-15,199.22999572753903,60.06000137329102,1844.8699951171875,179.64999389648438,1226.530029296875,56.27999877929688,121.0500030517578,0.5600000023841858
2019-04-16,199.25,60.97000122070313,1863.0400390625,178.8699951171875,1231.9100341796875,56.709999084472656,120.7699966430664,0.5899999737739563
2019-04-17,203.1300048828125,61.38000106811523,1864.8199462890625,178.77999877929688,1240.1400146484375,58.56000137329102,121.7699966430664,0.5899999737739563
2019-04-18,203.8600006103516,61.66999816894531,1861.68994140625,178.27999877929688,1241.469970703125,58.4900016784668,123.37000274658205,0.5699999928474426
2019-04-22,204.52999877929688,60.29999923706055,1887.31005859375,181.44000244140625,1253.760009765625,58.81999969482422,123.76000213623048,0.5600000023841858
2019-04-23,207.47999572753903,60.88999938964844,1923.77001953125,183.77999877929688,1270.5899658203125,58.77999877929688,125.44000244140624,0.5600000023841858
2019-04-24,207.16000366210938,60.79999923706055,1901.75,182.5800018310547,1260.050048828125,58.72000122070313,125.01000213623048,0.550000011920929
2019-04-25,205.27999877929688,59.16999816894531,1902.25,193.25999450683597,1267.3399658203125,57.61000061035156,129.14999389648438,0.5400000214576721
2019-04-26,204.3000030517578,60.61999893188477,1950.6300048828125,191.4900054931641,1277.4200439453125,52.43000030517578,129.88999938964844,0.5400000214576721
2019-04-29,204.6100006103516,60.540000915527344,1938.4300537109373,194.77999877929688,1296.199951171875,51.11000061035156,129.77000427246094,0.5299999713897705
2019-04-30,200.6699981689453,61.9000015258789,1926.52001953125,193.3999938964844,1198.9599609375,51.040000915527344,130.60000610351562,0.5400000214576721
2019-05-01,210.5200042724609,62.06999969482422,1911.52001953125,193.02999877929688,1173.3199462890625,50.7599983215332,127.87999725341795,0.5199999809265137
2019-05-02,209.1499938964844,62.34000015258789,1900.8199462890625,192.52999877929688,1166.510009765625,50.54999923706055,126.20999908447266,0.5099999904632568
2019-05-03,211.75,62.47999954223633,1962.4599609375,195.47000122070312,1189.550048828125,51.75,128.89999389648438,0.4900000095367432
2019-05-06,208.47999572753903,62.18999862670898,1950.550048828125,193.8800048828125,1193.4599609375,51.22000122070313,128.14999389648438,0.4900000095367432
2019-05-07,202.8600006103516,61.09000015258789,1921.0,189.7700042724609,1178.8599853515625,50.47999954223633,125.5199966430664,0.4699999988079071
2019-05-08,202.8999938964844,60.68999862670898,1917.77001953125,189.5399932861328,1170.780029296875,49.2400016784668,125.51000213623048,0.44999998807907104
2019-05-09,200.72000122070312,60.29999923706055,1899.8699951171875,188.6499938964844,1167.969970703125,46.61999893188477,125.5,0.41999998688697815
2019-05-10,197.17999267578125,61.27000045776367,1889.97998046875,188.33999633789062,1167.6400146484375,46.20000076293945,127.12999725341795,0.4900000095367432
2019-05-13,185.72000122070312,60.13000106811523,1822.6800537109373,181.5399932861328,1136.5899658203125,44.7599983215332,123.3499984741211,0.4600000083446503
2019-05-14,188.66000366210938,61.38000106811523,1840.1199951171875,180.72999572753903,1124.8599853515623,45.16999816894531,124.7300033569336,0.4600000083446503
2019-05-15,190.9199981689453,61.4900016784668,1871.1500244140625,186.2700042724609,1170.800048828125,45.61999893188477,126.0199966430664,0.4600000083446503
2019-05-16,190.0800018310547,62.63999938964844,1907.5699462890625,186.9900054931641,1184.5,45.52999877929688,128.92999267578122,0.4699999988079071
2019-05-17,189.0,62.38999938964844,1869.0,185.3000030517578,1168.780029296875,44.88999938964844,128.07000732421878,0.550000011920929
2019-05-20,183.08999633789062,61.95000076293945,1858.969970703125,182.72000122070312,1144.6600341796875,43.560001373291016,126.22000122070312,0.550000011920929
2019-05-21,186.6000061035156,62.61999893188477,1857.52001953125,184.82000732421875,1154.43994140625,44.459999084472656,126.9000015258789,0.5199999809265137
2019-05-22,182.77999877929688,60.68000030517578,1859.6800537109373,185.32000732421875,1155.8499755859375,44.0,127.66999816894531,0.5199999809265137
2019-05-23,179.66000366210938,61.36000061035156,1815.47998046875,180.8699951171875,1145.3399658203125,44.52999877929688,126.18000030517578,0.5
2019-05-24,178.97000122070312,60.59000015258789,1823.280029296875,181.05999755859372,1138.6099853515625,44.56999969482422,126.23999786376952,0.4900000095367432
2019-05-28,178.22999572753906,60.04999923706055,1836.4300537109373,184.30999755859372,1139.56005859375,43.56999969482422,126.16000366210938,0.4699999988079071
2019-05-29,177.3800048828125,59.27000045776367,1819.18994140625,182.19000244140625,1119.93994140625,44.22999954223633,124.94000244140624,0.4699999988079071
2019-05-30,178.3000030517578,58.77999877929688,1816.3199462890625,183.00999450683597,1121.4100341796877,44.72999954223633,125.7300033569336,0.44999998807907104
2019-05-31,175.07000732421875,58.20000076293945,1775.0699462890625,177.47000122070312,1106.5,44.040000915527344,123.68000030517578,0.4399999976158142
2019-06-03,173.3000030517578,59.06999969482422,1692.68994140625,164.14999389648438,1038.739990234375,43.459999084472656,119.83999633789062,0.4600000083446503
2019-06-04,179.63999938964844,60.86000061035156,1729.56005859375,167.5,1054.489990234375,44.790000915527344,123.16000366210938,0.4699999988079071
2019-06-05,182.5399932861328,61.61000061035156,1738.5,168.1699981689453,1044.6400146484377,44.54999923706055,125.83000183105469,0.479999989271164
2019-06-06,185.22000122070312,60.95000076293945,1754.3599853515625,168.3300018310547,1047.760009765625,45.099998474121094,127.81999969482422,0.479999989271164
2019-06-07,190.1499938964844,60.52999877929688,1804.030029296875,173.35000610351562,1068.3699951171877,46.02999877929688,131.39999389648438,0.4699999988079071
2019-06-10,192.5800018310547,60.63999938964844,1860.6300048828125,174.82000732421875,1082.760009765625,46.79999923706055,132.60000610351562,0.479999989271164
2019-06-11,194.80999755859372,60.7599983215332,1863.699951171875,178.10000610351562,1081.0400390625,46.849998474121094,132.10000610351562,0.4699999988079071
2019-06-12,194.19000244140625,60.959999084472656,1855.3199462890625,175.0399932861328,1079.0999755859377,46.31999969482422,131.49000549316406,0.5
2019-06-13,194.1499938964844,62.15999984741211,1870.300048828125,177.47000122070312,1091.010009765625,46.70000076293945,132.32000732421878,0.4900000095367432
2019-06-14,192.7400054931641,63.11999893188477,1869.6700439453125,181.3300018310547,1086.300048828125,46.18999862670898,132.44999694824222,0.5
2019-06-17,193.88999938964844,62.52000045776367,1886.030029296875,189.00999450683597,1093.8900146484377,46.13000106811523,132.85000610351562,0.5199999809265137
2019-06-18,198.4499969482422,62.93999862670898,1901.3699951171875,188.47000122070312,1105.239990234375,47.36999893188477,135.16000366210938,0.5
2019-06-19,197.8699951171875,62.86000061035156,1908.7900390625,187.47999572753903,1104.510009765625,47.06999969482422,135.69000244140622,0.44999998807907104
2019-06-20,199.4600067138672,60.72000122070313,1918.18994140625,189.52999877929688,1113.199951171875,47.18999862670898,136.94999694824222,0.44999998807907104
2019-06-21,198.77999877929688,62.08000183105469,1911.300048828125,191.13999938964844,1125.3699951171877,47.459999084472656,136.97000122070312,0.4600000083446503
2019-06-24,198.5800018310547,62.41999816894531,1913.9000244140625,192.6000061035156,1116.699951171875,47.63000106811523,137.77999877929688,0.4699999988079071
2019-06-25,195.57000732421875,61.93999862670898,1878.27001953125,188.83999633789062,1087.5799560546877,46.849998474121094,133.42999267578122,0.4699999988079071
2019-06-26,199.8000030517578,61.90999984741211,1897.8299560546875,187.66000366210938,1080.3199462890623,48.18999862670898,133.92999267578122,0.6000000238418579
2019-06-27,199.7400054931641,63.11000061035156,1904.280029296875,189.5,1076.6300048828123,47.459999084472656,134.14999389648438,0.5699999928474426
2019-06-28,197.9199981689453,63.90999984741211,1893.6300048828125,193.0,1082.800048828125,47.86999893188477,133.96000671386722,0.6000000238418579
2019-07-01,201.5500030517578,63.709999084472656,1922.18994140625,193.0,1100.0,48.04999923706055,135.67999267578122,0.6299999952316284
2019-07-02,202.72999572753903,63.09000015258789,1934.31005859375,195.0,1112.5999755859377,48.11999893188477,136.58000183105472,0.5699999928474426
2019-07-03,204.41000366210938,63.84000015258789,1939.0,197.1999969482422,1122.989990234375,48.52000045776367,137.46000671386722,0.5799999833106995
2019-07-05,204.22999572753903,64.06999969482422,1942.9100341796875,196.3999938964844,1132.6700439453125,48.08000183105469,137.05999755859378,0.5600000023841858
2019-07-08,200.0200042724609,64.68000030517578,1952.3199462890625,195.75999450683597,1116.7900390625,47.81999969482422,136.96000671386722,0.5400000214576721
2019-07-09,201.2400054931641,63.68999862670898,1988.300048828125,199.2100067138672,1124.2900390625,47.75,136.46000671386722,0.5099999904632568
2019-07-10,203.22999572753903,62.93999862670898,2017.4100341796875,202.72999572753903,1140.9100341796875,48.209999084472656,137.85000610351562,0.5
2019-07-11,201.75,63.31000137329102,2001.0699462890625,201.22999572753903,1144.0799560546875,48.599998474121094,138.39999389648438,0.5
2019-07-12,203.3000030517578,64.23999786376953,2011.0,204.8699951171875,1145.3399658203125,49.91999816894531,138.89999389648438,0.4699999988079071
2019-07-15,205.2100067138672,63.36000061035156,2020.989990234375,203.91000366210938,1150.510009765625,50.11999893188477,138.89999389648438,0.479999989271164
2019-07-16,204.5,65.41000366210939,2009.9000244140625,203.83999633789062,1153.4599609375,49.16999816894531,137.08000183105472,0.4699999988079071
2019-07-17,203.3500061035156,63.77999877929688,1992.030029296875,201.8000030517578,1146.739990234375,49.38999938964844,136.27000427246094,0.4600000083446503
2019-07-18,205.66000366210938,64.36000061035156,1977.9000244140625,200.77999877929688,1147.239990234375,49.93999862670898,136.41999816894528,0.5099999904632568
2019-07-19,202.58999633789062,63.4900016784668,1964.52001953125,198.3600006103516,1131.550048828125,50.27000045776367,136.6199951171875,0.5099999904632568
2019-07-22,207.22000122070312,62.86999893188477,1985.6300048828125,202.32000732421875,1139.2099609375,51.349998474121094,138.42999267578122,0.6000000238418579
2019-07-23,208.83999633789062,65.09999847412111,1994.489990234375,202.3600006103516,1148.050048828125,51.75,139.28999328613278,0.6000000238418579
2019-07-24,208.6699981689453,65.56999969482422,2000.81005859375,204.66000366210938,1139.72998046875,52.91999816894531,140.72000122070312,0.6100000143051147
2019-07-25,207.0200042724609,63.86000061035156,1973.8199462890625,200.7100067138672,1135.93994140625,52.15999984741211,140.19000244140622,0.5699999928474426
2019-07-26,207.7400054931641,64.91999816894531,1943.050048828125,199.75,1245.219970703125,51.59000015258789,141.33999633789062,0.5799999833106995
2019-07-29,209.67999267578125,63.97000122070313,1912.449951171875,195.94000244140625,1241.8399658203125,52.5099983215332,141.02999877929688,0.550000011920929
2019-07-30,208.77999877929688,64.01000213623047,1898.530029296875,197.0399932861328,1228.0,51.70000076293945,140.35000610351562,0.9100000262260436
2019-07-31,213.0399932861328,63.36000061035156,1866.780029296875,194.22999572753903,1218.199951171875,50.54999923706055,136.27000427246094,0.8000000119209291
2019-08-01,208.42999267578125,63.13999938964844,1855.3199462890625,192.72999572753903,1211.780029296875,49.5,138.05999755859378,0.8199999928474426
2019-08-02,204.0200042724609,63.27000045776367,1823.239990234375,189.0200042724609,1196.3199462890625,48.68000030517578,136.89999389648438,0.8000000119209291
2019-08-05,193.33999633789062,61.52000045776367,1765.1300048828125,181.72999572753903,1154.75,46.97000122070313,132.21000671386722,0.8299999833106995
2019-08-06,197.0,62.47000122070313,1787.8299560546875,184.50999450683597,1171.0799560546875,46.959999084472656,134.69000244140622,0.8299999833106995
2019-08-07,199.0399932861328,63.11000061035156,1793.4000244140625,185.1499938964844,1175.9100341796875,46.72999954223633,135.27999877929688,0.9200000166893004
2019-08-08,203.42999267578125,64.52999877929689,1832.8900146484373,190.16000366210938,1206.18994140625,47.16999816894531,138.88999938964844,0.8600000143051147
2019-08-09,200.9900054931641,63.93000030517578,1807.5799560546875,187.8500061035156,1188.9000244140625,45.97999954223633,137.71000671386722,0.8000000119209291
2019-08-12,200.47999572753903,62.11000061035156,1784.9200439453125,185.3699951171875,1174.5,45.599998474121094,135.78999328613278,0.75
2019-08-13,208.97000122070312,61.16999816894531,1824.3399658203125,188.4499969482422,1196.72998046875,46.84000015258789,138.60000610351562,0.6899999976158142
2019-08-14,202.75,59.22999954223633,1762.9599609375,179.7100067138672,1164.25,45.86999893188477,133.97999572753906,0.6700000166893005
2019-08-15,201.7400054931641,59.02000045776367,1776.1199951171875,182.58999633789062,1169.3199462890625,45.70000076293945,133.67999267578122,0.6700000166893005
2019-08-16,206.5,60.36000061035156,1792.5699462890625,183.6999969482422,1179.2099609375,46.5,136.1300048828125,0.6899999976158142
2019-08-19,210.3500061035156,60.59000015258789,1816.1199951171875,186.1699981689453,1200.43994140625,47.22999954223633,138.41000366210938,0.7099999785423279
2019-08-20,210.3600006103516,60.11000061035156,1801.3800048828125,183.80999755859372,1183.530029296875,46.599998474121094,137.25999450683594,0.7300000190734863
2019-08-21,212.63999938964844,59.81000137329102,1823.5400390625,183.5500030517578,1191.5799560546875,47.1500015258789,138.78999328613278,0.6899999976158142
2019-08-22,212.4600067138672,59.72999954223633,1804.6600341796875,182.0399932861328,1191.52001953125,46.77999877929688,137.77999877929688,0.6600000262260437
2019-08-23,202.63999938964844,57.93000030517578,1749.6199951171875,177.75,1153.5799560546875,44.959999084472656,133.38999938964844,0.6299999952316284
2019-08-26,206.4900054931641,58.38000106811523,1768.8699951171875,180.3600006103516,1171.1800537109375,45.56000137329102,135.44999694824222,0.6200000047683716
2019-08-27,204.16000366210938,58.0099983215332,1761.8299560546875,181.3000030517578,1170.8199462890625,45.790000915527344,135.74000549316406,0.6000000238418579
2019-08-28,205.52999877929688,58.7400016784668,1764.25,181.75999450683597,1173.75,45.790000915527344,135.55999755859378,0.6600000262260437
2019-08-29,209.00999450683597,59.959999084472656,1786.4000244140625,185.57000732421875,1194.239990234375,46.86999893188477,138.1199951171875,0.6499999761581421
2019-08-30,208.7400054931641,59.72000122070313,1776.2900390625,185.6699981689453,1190.530029296875,47.40999984741211,137.86000061035156,0.6499999761581421
2019-09-03,205.6999969482422,60.43000030517578,1789.8399658203125,182.38999938964844,1169.550048828125,46.97999954223633,136.03999328613278,0.6499999761581421
2019-09-04,209.19000244140625,61.77000045776367,1800.6199951171875,187.13999938964844,1182.27001953125,48.91999816894531,137.6300048828125,0.699999988079071
2019-09-05,213.27999877929688,63.38999938964844,1840.719970703125,190.8999938964844,1212.18994140625,50.099998474121094,140.05000305175778,0.6399999856948853
2019-09-06,213.25999450683597,63.09000015258789,1833.510009765625,187.4900054931641,1206.3199462890625,50.91999816894531,139.10000610351562,0.6499999761581421
2019-09-09,214.1699981689453,64.76999664306639,1831.3499755859373,188.75999450683597,1205.27001953125,51.59000015258789,137.52000427246094,0.6200000047683716
2019-09-10,216.6999969482422,64.98999786376953,1820.550048828125,186.1699981689453,1205.699951171875,51.81999969482422,136.08000183105472,0.6299999952316284
2019-09-11,223.58999633789062,65.83000183105469,1822.989990234375,188.4900054931641,1220.0,52.790000915527344,136.1199951171875,0.6299999952316284
2019-09-12,223.08999633789062,65.68000030517578,1843.550048828125,187.47000122070312,1234.969970703125,53.0099983215332,137.52000427246094,0.6200000047683716
2019-09-13,218.75,65.87000274658203,1839.3399658203125,187.19000244140625,1240.030029296875,52.540000915527344,137.32000732421878,0.6200000047683716
2019-09-16,219.8999938964844,64.66000366210939,1807.8399658203125,186.22000122070312,1231.6300048828125,52.20000076293945,136.33000183105472,0.6299999952316284
2019-09-17,220.6999969482422,64.91999816894531,1822.550048828125,188.0800018310547,1229.8800048828125,51.95000076293945,137.38999938964844,0.6299999952316284
2019-09-18,222.7700042724609,64.93000030517578,1817.4599609375,188.13999938964844,1232.6500244140625,51.7400016784668,138.52000427246094,0.6200000047683716
2019-09-19,220.9600067138672,64.58000183105469,1821.5,190.13999938964844,1238.75,51.56999969482422,141.07000732421875,0.6399999856948853
2019-09-20,217.72999572753903,65.0,1794.1600341796875,189.92999267578125,1229.8399658203125,50.72000122070313,139.44000244140622,0.6499999761581421
2019-09-23,218.72000122070312,64.63999938964844,1785.300048828125,186.82000732421875,1234.68994140625,50.9000015258789,139.13999938964844,0.6700000166893005
2019-09-24,217.67999267578125,64.65000152587889,1741.6099853515625,181.27999877929688,1218.3299560546875,49.81999969482422,137.3800048828125,0.6299999952316284
2019-09-25,221.02999877929688,65.05000305175781,1768.3299560546875,182.8000030517578,1245.93994140625,51.02000045776367,139.36000061035156,0.6299999952316284
2019-09-26,219.88999938964844,64.56999969482422,1739.8399658203125,180.11000061035156,1242.2900390625,50.91999816894531,139.53999328613278,0.6200000047683716
2019-09-27,218.82000732421875,64.18000030517578,1725.449951171875,177.10000610351562,1225.949951171875,50.77999877929688,137.72999572753906,0.6100000143051147
2019-09-30,223.97000122070312,64.91000366210939,1735.9100341796875,178.0800018310547,1221.1400146484375,51.52999877929688,139.02999877929688,0.5899999737739563
2019-10-01,224.58999633789062,64.94999694824219,1735.6500244140625,175.80999755859375,1206.0,50.7599983215332,137.07000732421878,0.5699999928474426
2019-10-02,218.9600067138672,62.72000122070313,1713.22998046875,174.60000610351562,1177.9200439453125,49.38999938964844,134.64999389648438,0.5600000023841858
2019-10-03,220.82000732421875,62.29999923706055,1724.4200439453125,179.3800048828125,1189.4300537109375,50.02999877929688,136.27999877929688,0.5600000023841858
2019-10-04,227.00999450683597,63.5099983215332,1739.6500244140625,180.4499969482422,1210.9599609375,50.91999816894531,138.1199951171875,0.5899999737739563
2019-10-07,227.05999755859372,63.959999084472656,1732.6600341796875,179.67999267578125,1208.25,50.61999893188477,137.1199951171875,0.5600000023841858
2019-10-08,224.3999938964844,63.18000030517578,1705.510009765625,177.75,1190.1300048828125,49.72999954223633,135.66999816894528,0.5400000214576721
2019-10-09,227.02999877929688,64.11000061035156,1721.989990234375,179.85000610351562,1202.4000244140625,50.47999954223633,138.24000549316406,0.5299999713897705
2019-10-10,230.08999633789062,64.87999725341797,1720.260009765625,180.02999877929688,1209.469970703125,51.11000061035156,139.10000610351562,0.5199999809265137
2019-10-11,236.2100067138672,66.08000183105469,1731.9200439453125,184.19000244140625,1215.7099609375,52.09000015258789,139.67999267578122,0.5299999713897705
2019-10-14,235.8699951171875,66.20999908447266,1736.4300537109375,183.27999877929688,1217.77001953125,51.63999938964844,139.55000305175778,0.5199999809265137
2019-10-15,235.32000732421875,67.33000183105469,1767.3800048828125,188.88999938964844,1242.239990234375,52.6500015258789,141.57000732421875,0.5099999904632568
2019-10-16,234.3699951171875,66.83000183105469,1777.4300537109375,189.5500030517578,1243.0,52.45000076293945,140.41000366210938,0.5199999809265137
2019-10-17,235.27999877929688,66.98000335693361,1787.47998046875,190.38999938964844,1252.800048828125,51.86000061035156,139.69000244140622,0.5600000023841858
2019-10-18,236.41000366210938,66.83999633789061,1757.510009765625,185.8500061035156,1244.4100341796875,51.36000061035156,137.41000366210938,0.5699999928474426
2019-10-21,240.50999450683597,69.04000091552734,1785.6600341796875,189.75999450683597,1244.280029296875,52.13000106811523,138.42999267578122,0.550000011920929
2019-10-22,239.9600067138672,69.19000244140625,1765.72998046875,182.33999633789062,1241.199951171875,52.0099983215332,136.3699951171875,0.5600000023841858
2019-10-23,243.17999267578125,68.91000366210939,1762.1700439453125,186.1499938964844,1257.6300048828125,51.72000122070313,137.24000549316406,0.5600000023841858
2019-10-24,243.5800018310547,68.76000213623047,1780.780029296875,186.3800048828125,1259.1099853515625,52.22999954223633,139.94000244140622,0.550000011920929
2019-10-25,246.5800018310547,71.56999969482422,1761.3299560546875,187.88999938964844,1264.300048828125,56.459999084472656,140.72999572753906,0.5699999928474426
2019-10-28,249.0500030517578,70.08000183105469,1777.0799560546875,189.3999938964844,1288.97998046875,56.7599983215332,144.19000244140625,0.5699999928474426
2019-10-29,243.2899932861328,69.76000213623047,1762.7099609375,189.30999755859372,1260.6600341796875,56.34000015258789,142.8300018310547,0.5699999928474426
2019-10-30,243.25999450683597,70.37999725341797,1779.989990234375,188.25,1260.699951171875,56.599998474121094,144.61000061035156,0.5899999737739563
2019-10-31,248.75999450683597,69.43000030517578,1776.6600341796875,191.6499938964844,1258.800048828125,56.52999877929688,143.3699951171875,0.5699999928474426
2019-11-01,255.82000732421875,70.15000152587889,1791.43994140625,193.6199951171875,1272.25,56.5099983215332,143.72000122070312,0.5799999833106995
2019-11-04,257.5,70.62999725341797,1804.6600341796875,194.72000122070312,1289.6099853515625,57.61000061035156,144.5500030517578,0.6299999952316284
2019-11-05,257.1300048828125,71.37999725341797,1801.7099609375,194.32000732421875,1291.43994140625,57.54999923706055,144.4600067138672,0.6299999952316284
2019-11-06,257.239990234375,71.37000274658203,1795.77001953125,191.5500030517578,1291.010009765625,57.599998474121094,144.05999755859375,0.6299999952316284
2019-11-07,259.42999267578125,70.93000030517578,1788.199951171875,190.4199981689453,1306.93994140625,58.04999923706055,144.25999450683594,0.5699999928474426
2019-11-08,260.1400146484375,71.16999816894531,1785.8800048828125,190.83999633789062,1309.0,58.27000045776367,145.9600067138672,0.5799999833106995
2019-11-11,262.20001220703125,71.91000366210938,1771.6500244140625,189.6100006103516,1298.280029296875,58.349998474121094,146.11000061035156,0.5799999833106995
2019-11-12,261.95999145507807,70.83999633789062,1778.0,194.47000122070312,1297.2099609375,58.20000076293945,147.07000732421875,0.5699999928474426
2019-11-13,264.47000122070307,70.5199966430664,1753.1099853515625,193.19000244140625,1296.1800537109375,57.88999938964844,147.30999755859375,0.5699999928474426
2019-11-14,262.6400146484375,70.41000366210938,1754.5999755859375,193.1499938964844,1309.1500244140625,57.81000137329102,148.05999755859375,0.5600000023841858
2019-11-15,265.760009765625,70.37999725341797,1739.489990234375,195.1000061035156,1333.5400390625,57.959999084472656,149.97000122070312,0.5600000023841858
2019-11-18,267.10000610351557,70.05999755859375,1752.530029296875,197.3999938964844,1319.8399658203125,58.25,150.33999633789062,0.550000011920929
2019-11-19,266.29000854492193,70.06999969482422,1752.7900390625,199.32000732421875,1312.5899658203125,58.349998474121094,150.38999938964844,0.5299999713897705
2019-11-20,263.19000244140625,68.44000244140625,1745.530029296875,197.50999450683597,1301.8599853515625,57.9000015258789,149.6199951171875,0.5299999713897705
2019-11-21,262.010009765625,68.0,1734.7099609375,197.92999267578125,1300.1400146484375,58.22000122070313,149.47999572753906,0.5199999809265137
2019-11-22,261.77999877929693,68.76000213623047,1745.719970703125,198.82000732421875,1293.6700439453125,57.61000061035156,149.58999633789062,0.5299999713897705
2019-11-25,266.3699951171875,68.79000091552734,1773.8399658203125,199.7899932861328,1305.6400146484375,58.81000137329102,151.22999572753906,0.5199999809265137
2019-11-26,264.29000854492193,69.44000244140625,1796.93994140625,198.97000122070312,1313.0,58.9000015258789,152.02999877929688,0.5199999809265137
2019-11-27,267.83999633789057,69.16999816894531,1818.510009765625,202.0,1312.1300048828125,58.5099983215332,152.32000732421875,0.5299999713897705
2019-11-29,267.25,69.01000213623047,1800.800048828125,201.63999938964844,1304.0899658203125,58.04999923706055,151.3800048828125,0.550000011920929
2019-12-02,264.16000366210943,68.11000061035156,1781.5999755859375,199.6999969482422,1288.8599853515625,57.65999984741211,149.5500030517578,0.5299999713897705
2019-12-03,259.45001220703125,66.61000061035156,1769.9599609375,198.82000732421875,1294.739990234375,56.06999969482422,149.30999755859375,0.5299999713897705
2019-12-04,261.739990234375,66.91999816894531,1760.68994140625,198.7100067138672,1318.93994140625,56.02000045776367,149.85000610351562,0.5299999713897705
2019-12-05,265.57998657226557,67.29000091552734,1740.47998046875,199.3600006103516,1326.9599609375,56.08000183105469,149.92999267578125,0.5299999713897705
2019-12-06,270.70999145507807,68.31999969482422,1751.5999755859375,201.0500030517578,1339.3900146484375,56.81000137329102,151.75,0.5199999809265137
2019-12-09,266.92001342773443,67.98999786376953,1749.510009765625,201.33999633789062,1342.989990234375,56.52999877929688,151.36000061035156,0.5
2019-12-10,268.48001098632807,67.23999786376953,1739.2099609375,200.8699951171875,1342.8900146484375,56.59000015258789,151.1300048828125,0.5099999904632568
2019-12-11,270.76998901367193,66.73999786376953,1748.719970703125,202.25999450683597,1344.25,57.06999969482422,151.6999969482422,0.5099999904632568
2019-12-12,271.45999145507807,67.69000244140625,1760.3299560546875,196.75,1348.489990234375,57.54999923706055,153.24000549316406,0.5099999904632568
2019-12-13,275.14999389648443,67.41000366210939,1760.93994140625,194.1100006103516,1346.8699951171875,57.790000915527344,154.52999877929688,0.3799999952316284
2019-12-16,279.8599853515625,69.0,1769.2099609375,197.9199981689453,1360.699951171875,57.70000076293945,155.52999877929688,0.4000000059604645
2019-12-17,280.41000366210943,70.05999755859375,1790.6600341796875,198.38999938964844,1354.8900146484375,57.29999923706055,154.69000244140625,0.4099999964237213
2019-12-18,279.739990234375,69.02999877929689,1784.030029296875,202.5,1351.9100341796875,57.16999816894531,154.3699951171875,0.4000000059604645
2019-12-19,280.01998901367193,69.19999694824219,1792.280029296875,206.05999755859372,1356.43994140625,57.959999084472656,155.7100067138672,0.3899999856948853
2019-12-20,279.44000244140625,69.33999633789061,1786.5,206.3000030517578,1351.219970703125,58.95000076293945,157.41000366210938,0.4000000059604645
2019-12-23,284.0,69.29000091552734,1793.0,206.17999267578125,1350.6300048828125,59.22999954223633,157.41000366210938,0.3899999856948853
2019-12-24,284.2699890136719,69.08999633789061,1789.2099609375,205.1199951171875,1344.4300537109375,59.40999984741211,157.3800048828125,0.4000000059604645
2019-12-26,289.9100036621094,69.06999969482422,1868.77001953125,207.7899932861328,1362.469970703125,59.81999969482422,158.6699981689453,0.41999998688697815
2019-12-27,289.79998779296875,68.29000091552734,1869.800048828125,208.1000061035156,1354.6400146484375,60.08000183105469,158.9600067138672,0.4099999964237213
2019-12-30,291.5199890136719,67.68000030517578,1846.8900146484373,204.41000366210938,1339.7099609375,59.61999893188477,157.58999633789062,0.4099999964237213
2019-12-31,293.6499938964844,67.75,1847.8399658203125,205.25,1339.3900146484375,59.849998474121094,157.6999969482422,0.4300000071525574
2020-01-02,300.3500061035156,68.16999816894531,1898.010009765625,209.77999877929688,1368.6800537109375,60.84000015258789,160.6199951171875,0.4699999988079071
2020-01-03,297.42999267578125,66.91999816894531,1874.969970703125,208.6699981689453,1361.52001953125,60.099998474121094,158.6199951171875,0.4600000083446503
2020-01-06,299.79998779296875,66.59999847412111,1902.8800048828125,212.6000061035156,1397.81005859375,59.93000030517578,159.02999877929688,0.4600000083446503
2020-01-07,298.3900146484375,66.18000030517578,1906.8599853515625,213.05999755859372,1395.1099853515625,58.93000030517578,157.5800018310547,0.4300000071525574
2020-01-08,303.19000244140625,66.5,1891.969970703125,215.22000122070312,1405.0400390625,58.97000122070313,160.08999633789062,0.41999998688697815
2020-01-09,309.6300048828125,66.37000274658203,1901.050048828125,218.3000030517578,1419.7900390625,59.29999923706055,162.08999633789062,0.4000000059604645
2020-01-10,310.3299865722656,65.88999938964844,1883.1600341796875,218.05999755859372,1428.9599609375,58.93999862670898,161.33999633789062,0.41999998688697815
2020-01-13,316.9599914550781,65.87000274658203,1891.300048828125,221.91000366210938,1440.030029296875,59.59000015258789,163.27999877929688,0.4099999964237213
2020-01-14,312.67999267578125,66.18000030517578,1869.43994140625,219.05999755859372,1430.5899658203125,59.43000030517578,162.1300048828125,0.4099999964237213
2020-01-15,311.3399963378906,66.58999633789061,1862.02001953125,221.1499938964844,1439.199951171875,58.93999862670898,163.17999267578125,0.4099999964237213
2020-01-16,315.239990234375,66.54000091552734,1877.93994140625,221.7700042724609,1450.1600341796875,59.65999984741211,166.1699981689453,0.4099999964237213
2020-01-17,318.7300109863281,66.62000274658203,1864.719970703125,222.13999938964844,1479.52001953125,59.599998474121094,167.10000610351562,0.41999998688697815
2020-01-21,316.57000732421875,64.98999786376953,1892.0,221.44000244140625,1482.25,60.54999923706055,166.5,0.4099999964237213
2020-01-22,317.70001220703125,65.58999633789061,1887.4599609375,221.32000732421875,1483.8699951171875,62.72999954223633,165.6999969482422,0.4099999964237213
2020-01-23,319.2300109863281,67.18000030517578,1884.5799560546875,219.75999450683597,1484.68994140625,63.31999969482422,166.72000122070312,0.44999998807907104
2020-01-24,318.30999755859375,66.72000122070311,1861.6400146484373,217.94000244140625,1466.1700439453125,68.47000122070311,165.0399932861328,0.44999998807907104
2020-01-27,308.95001220703125,65.33999633789061,1828.3399658203125,214.8699951171875,1431.72998046875,65.69000244140625,162.27999877929688,0.44999998807907104
2020-01-28,317.69000244140625,65.54000091552734,1853.25,217.7899932861328,1450.5,67.30999755859375,165.4600067138672,0.4399999976158142
2020-01-29,324.3399963378906,66.88999938964844,1858.0,223.22999572753903,1456.699951171875,66.33000183105469,168.0399932861328,0.44999998807907104
2020-01-30,323.8699951171875,66.01000213623047,1870.6800537109373,209.52999877929688,1454.25,66.47000122070311,172.77999877929688,0.4399999976158142
2020-01-31,309.510009765625,64.58999633789061,2008.719970703125,201.91000366210938,1432.780029296875,63.93000030517578,170.22999572753906,0.4300000071525574
2020-02-03,308.6600036621094,64.65000152587889,2004.199951171875,204.19000244140625,1482.5999755859375,64.41999816894531,174.3800048828125,0.4300000071525574
2020-02-04,318.8500061035156,65.76999664306639,2049.669921875,209.8300018310547,1445.4100341796875,65.45999908447266,180.1199951171875,0.4300000071525574
2020-02-05,321.45001220703125,66.33000183105469,2039.8699951171875,210.1100006103516,1446.050048828125,67.33999633789061,179.89999389648438,0.4300000071525574
2020-02-06,325.2099914550781,64.01999664306639,2050.22998046875,210.8500061035156,1475.969970703125,67.08999633789061,183.6300048828125,0.4300000071525574
2020-02-07,320.0299987792969,63.959999084472656,2079.280029296875,212.3300018310547,1479.1099853515625,66.01999664306639,183.88999938964844,0.4399999976158142
2020-02-10,321.54998779296875,64.43000030517578,2133.909912109375,213.05999755859372,1508.6600341796875,66.38999938964844,188.6999969482422,0.4699999988079071
2020-02-11,319.6099853515625,64.55000305175781,2150.800048828125,207.19000244140625,1510.06005859375,67.41000366210939,184.44000244140625,0.4699999988079071
2020-02-12,327.20001220703125,65.54000091552734,2160.0,210.75999450683597,1518.6300048828125,67.45999908447266,184.7100067138672,0.5199999809265137
2020-02-13,324.8699951171875,66.5,2149.8701171875,213.13999938964844,1513.3900146484375,67.44000244140625,183.7100067138672,0.6499999761581421
2020-02-14,324.95001220703125,66.11000061035156,2134.8701171875,214.17999267578125,1518.72998046875,67.26999664306639,185.3500061035156,0.5799999833106995
2020-02-18,319.0,65.48999786376953,2155.669921875,217.8000030517578,1519.43994140625,66.13999938964844,187.22999572753903,0.6399999856948853
2020-02-19,323.6199951171875,65.16999816894531,2170.219970703125,217.4900054931641,1524.8699951171875,67.11000061035156,187.27999877929688,0.6499999761581421
2020-02-20,320.29998779296875,65.36000061035156,2153.10009765625,214.5800018310547,1516.989990234375,65.44999694824219,184.4199981689453,0.6100000143051147
2020-02-21,313.04998779296875,65.43000030517578,2095.969970703125,210.17999267578125,1483.4599609375,64.33999633789061,178.58999633789062,0.6499999761581421
2020-02-24,298.17999267578125,63.0099983215332,2009.2900390625,200.72000122070312,1419.8599853515625,61.7599983215332,170.88999938964844,0.6399999856948853
2020-02-25,288.0799865722656,58.81000137329102,1972.739990234375,196.7700042724609,1386.3199462890625,59.72999954223633,168.07000732421875,0.5899999737739563
2020-02-26,292.6499938964844,57.36999893188477,1979.5899658203125,197.1999969482422,1390.469970703125,59.6500015258789,170.1699981689453,0.5799999833106995
2020-02-27,273.51998901367193,52.959999084472656,1884.300048828125,189.75,1314.949951171875,55.83000183105469,158.17999267578125,0.5600000023841858
2020-02-28,273.3599853515625,50.459999084472656,1883.75,192.47000122070312,1339.25,55.52000045776367,162.00999450683594,0.5400000214576721
2020-03-02,298.80999755859375,50.02999877929688,1953.949951171875,196.44000244140625,1386.3199462890625,58.18000030517578,172.7899932861328,0.5799999833106995
2020-03-03,289.32000732421875,47.36999893188477,1908.989990234375,185.88999938964844,1337.719970703125,55.97000122070313,164.50999450683594,0.5899999737739563
2020-03-04,302.739990234375,49.68999862670898,1975.8299560546875,191.75999450683597,1381.5999755859375,58.68000030517578,170.5500030517578,0.5899999737739563
2020-03-05,292.9200134277344,43.459999084472656,1924.030029296875,185.1699981689453,1314.760009765625,56.959999084472656,166.27000427246094,0.5799999833106995
2020-03-06,289.0299987792969,45.209999084472656,1901.0899658203125,181.08999633789062,1295.739990234375,55.77000045776367,161.57000732421875,0.550000011920929
2020-03-09,266.17001342773443,43.18999862670898,1800.6099853515625,169.5,1215.7900390625,50.849998474121094,150.6199951171875,0.479999989271164
2020-03-10,285.3399963378906,46.77999877929688,1891.8199462890625,178.19000244140625,1275.1700439453125,53.97999954223633,160.9199981689453,0.4900000095367432
2020-03-11,275.42999267578125,45.70000076293945,1820.8599853515625,170.24000549316406,1210.9000244140625,51.65999984741211,153.6300048828125,0.4300000071525574
2020-03-12,248.22999572753903,35.080001831054695,1676.6099853515625,154.47000122070312,1111.550048828125,45.540000915527344,139.05999755859378,0.4099999964237213
2020-03-13,277.97000122070307,37.95000076293945,1785.0,170.27999877929688,1214.27001953125,54.43000030517578,158.8300018310547,0.4300000071525574
2020-03-16,242.2100067138672,32.529998779296875,1689.1500244140625,146.00999450683594,1073.0,44.61000061035156,135.41999816894528,0.4000000059604645
2020-03-17,252.8600006103516,32.529998779296875,1807.8399658203125,149.4199981689453,1118.06005859375,50.08000183105469,146.57000732421875,0.4000000059604645
2020-03-18,246.6699981689453,25.1299991607666,1830.0,146.9600067138672,1091.18994140625,47.61000061035156,140.39999389648438,0.36000001430511475
2020-03-19,244.77999877929688,24.18000030517578,1880.9300537109373,153.1300048828125,1111.6700439453123,45.93999862670898,142.7100067138672,0.3700000047683716
2020-03-20,229.2400054931641,23.559999465942386,1846.0899658203125,149.72999572753906,1068.2099609375,45.83000183105469,137.35000610351562,0.36000001430511475
2020-03-23,224.3699951171875,24.03000068664551,1902.8299560546875,148.10000610351562,1054.1300048828123,49.58000183105469,135.97999572753906,0.36000001430511475
2020-03-24,246.8800048828125,28.90999984741211,1940.0999755859373,160.97999572753906,1130.010009765625,52.4000015258789,148.33999633789062,0.4099999964237213
2020-03-25,245.5200042724609,29.84000015258789,1885.8399658203125,156.2100067138672,1101.6199951171877,51.2599983215332,146.9199981689453,0.4099999964237213
2020-03-26,258.44000244140625,32.490001678466804,1955.489990234375,163.33999633789062,1162.9200439453125,55.540000915527344,156.11000061035156,0.4300000071525574
2020-03-27,247.7400054931641,29.8700008392334,1900.0999755859373,156.7899932861328,1110.260009765625,52.36999893188477,149.6999969482422,0.4099999964237213
2020-03-30,254.80999755859372,28.32999992370605,1963.949951171875,165.9499969482422,1146.31005859375,55.4900016784668,160.22999572753906,0.4000000059604645
2020-03-31,254.2899932861328,28.46999931335449,1949.719970703125,166.8000030517578,1161.949951171875,54.11999893188477,157.7100067138672,0.3899999856948853
2020-04-01,240.91000366210938,26.35000038146973,1907.699951171875,159.60000610351562,1102.0999755859377,51.88000106811523,152.11000061035156,0.3899999856948853
